{
  "title": "Session & Average Session Length",
  "y_titles": [
    "Sessions",
    "Average Session Length"
  ],
  "x_categories": [
    "20140707",
    "20140708",
    "20140709",
    "20140710",
    "20140711",
    "20140712",
    "20140713",
    "20140714",
    "20140715",
    "20140716",
    "20140717",
    "20140718",
    "20140719",
    "20140720",
    "20140721",
    "20140722",
    "20140723",
    "20140724",
    "20140725",
    "20140726",
    "20140727"
  ],
  "series": [{
    "name": "Sessions",
    "pointStart": 1406851200000,
    "pointInterval": 86400000,
    "data": [
      496,
      573,
      450,
      667,
      495,
      507,
      393,
      449,
      515,
      419,
      514,
      492,
      504,
      515,
      551,
      546,
      558,
      552,
      514,
      342,
      388
    ]
  }, {
    "name": "AverageTimeSpentsec",
    "pointStart": 1406851200000,
    "pointInterval": 86400000,
    "data": [
      1135.45564516129,
      924.492146596859,
      1088.08666666667,
      558.451274362819,
      893.931313131313,
      980.358974358974,
      970.482142857143,
      1024.00446428571,
      1049.60582524272,
      766.534606205251,
      660.486381322957,
      700.969512195122,
      761.809523809524,
      908.019417475728,
      718.849364791289,
      949.025641025641,
      887.200716845878,
      755.869328493648,
      801.136186770428,
      957.947368421053,
      772.177835051546
    ]
  }]
}